orderNumber,productName,quantity
0,Whale,1
1,Whale,1
1,Whale,1
1,Whale,1
1,Whale,1
1,Whale,1
1,Whale,1
1,Whale,1
1,Whale,1
1,Whale,1
1,Whale,1
1,Whale,1
1,Whale,1
1,Whale,1
1,Whale,1
1,Whale,1
1,Whale,1
1,Whale,1
1,Whale,1
1,Whale,1
1,Whale,1
1,Whale,1
1,Whale,1
1,Whale,1
1,Whale,1
1,Whale,1
1,Whale,1
1,Whale,1
1,Whale,1
1,Whale,1
1,Whale,1
1,Whale,1
1,Whale,1
1,Whale,1
1,Whale,1
1,Whale,1
1,Whale,1
1,Whale,1
1,Whale,1
1,Whale,1
1,Whale,1
2,Whale,1
0,Whale,1
1,Whale,1
1,Whale,1
1,Whale,1
1,Whale,1
1,Whale,1
1,Whale,1
1,Whale,1
1,Whale,1
1,Whale,1
1,Whale,1
1,Whale,1
1,Whale,1
1,Whale,1
1,Whale,1
1,Whale,1
1,Whale,1
1,Whale,1
1,Whale,1
1,Whale,1
1,Whale,1
1,Whale,1
1,Whale,1
1,Whale,1
1,Whale,1
1,Whale,1
1,Whale,1
1,Whale,1
1,Whale,1
1,Whale,1
1,Whale,1
1,Whale,1
1,Whale,1
1,Whale,1
1,Whale,1
1,Whale,1
1,Whale,1
1,Whale,1
1,Whale,1
1,Whale,1
1,Whale,1
2,Whale,1
3,Whale,1
2,Whale,1
3,Whale,1
4,Whale,1
